market,year,month,month_num,patients,ad_spend,collections,cost_per_patient,source_row,block_width,notes
Austin,2023,June,6,11.0,10094.87,0.0,917.7154545454546,40,4,
Austin,2023,July,7,16.0,11680.77,16805.56,730.048125,40,4,year_tag=explicit-string
Austin,2023,August,8,15.0,9581.22,29046.94,638.7479999999999,40,4,
Austin,2023,September,9,7.0,8753.67,10513.74,1250.5242857142857,40,4,
Austin,2023,October,10,4.0,10861.12,5976.28,2715.28,40,4,
Austin,2023,November,11,8.0,12006.7,13259.7,1500.8375,40,4,
Austin,2023,December,12,19.0,10856.4,16908.63,571.3894736842105,40,4,
Austin,2024,January,1,14.0,11976.18,28141.58,855.4414285714286,40,4,
Austin,2024,February,2,16.0,10275.22,21840.15,642.20125,40,4,
Austin,2024,March,3,12.0,6953.88,14753.09,579.49,40,4,
Austin,2024,April,4,11.0,6965.3,12455.74,633.209090909091,40,4,
Austin,2024,May,5,16.0,8343.39,22545.82,521.461875,40,4,
Austin,2024,June,6,19.0,7734.62,32348.01,407.08526315789476,40,4,
Austin,2024,July,7,13.0,8307.39,17606.95,639.03,40,4,
Austin,2024,August,8,11.0,7987.19,24934.09,726.1081818181818,40,4,
Austin,2024,September,9,14.0,7177.6,17682.55,512.6857142857143,40,4,
Austin,2024,October,10,14.0,7591.2,17185.82,542.2285714285714,40,4,
Austin,2024,November,11,16.0,7015.86,16789.57,438.49125,40,4,
Austin,2024,December,12,14.0,7785.32,23396.3,556.0942857142857,40,4,
Austin,2025,January,1,6.0,7857.29,12742.38,1309.5483333333334,40,4,
Austin,2025,February,2,16.0,7842.32,18392.9,490.145,40,4,
Austin,2025,March,3,17.0,7774.32,19609.78,457.3129411764706,40,4,
Austin,2025,April,4,8.0,7828.75,17922.83,978.59375,40,4,
Austin,2025,May,5,24.0,7843.84,27043.3,326.82666666666665,40,4,
Austin,2025,June,6,17.0,7943.36,24650.71,467.2564705882353,40,4,
Austin,2025,July,7,17.0,7935.92,25017.86,466.81882352941176,40,4,
Austin,2025,August,8,18.0,8321.38,24553.34,462.2988888888888,40,4,
Austin,2025,September,9,14.0,7711.51,19367.77,550.8221428571429,40,4,
Austin,2025,October,10,27.0,8469.43,33153.1,313.6825925925926,40,4,
Austin,2025,November,11,14.0,9096.05,26880.69,649.717857142857,40,4,
Austin,2025,December,12,21.0,9957.14,33160.39,474.14952380952377,40,4,
Austin,2026,January,1,20.0,9998.69,34114.25,499.9345,40,4,
Austin,2026,February,2,14.0,10884.05,20172.0,777.4321428571428,40,4,
Austin,2026,March,3,20.0,10054.81,27331.48,502.7405,40,4,
Austin,2026,April,4,27.0,10053.35,40745.49,372.3462962962963,40,4,
Austin,2026,May,5,8.0,9618.16,15558.73,1202.27,40,4,
Austin,2026,June,6,26.0,10000.99,42415.54,384.65346153846156,40,4,
Austin,2026,July,7,29.0,9402.57,42227.97,324.22655172413795,40,4,
Dallas,2016,May,5,,5013.26,,,39,3,year_tag=inferred-backward
Dallas,2016,June,6,25.0,26757.2,,1070.288,39,3,year_tag=inferred-backward
Dallas,2016,July,7,59.0,22259.01,,377.27135593220333,39,3,year_tag=inferred-backward
Dallas,2016,August,8,58.0,16725.41,,288.36913793103446,39,3,year_tag=inferred-backward
Dallas,2016,September,9,45.0,23929.54,,531.7675555555555,39,3,year_tag=inferred-backward
Dallas,2016,October,10,50.0,25116.36,,502.3272,39,3,year_tag=inferred-backward
Dallas,2016,November,11,56.0,29438.79,,525.6926785714286,39,3,year_tag=inferred-backward
Dallas,2016,December,12,78.0,24761.11,,317.45012820512824,39,5,year_tag=inferred-backward
Dallas,2017,January,1,65.0,23203.34,,356.9744615384615,39,3,
Dallas,2017,February,2,50.0,21774.08,,435.4816,39,3,
Dallas,2017,March,3,80.0,26026,,325.325,39,3,
Dallas,2017,April,4,62.0,23955.29,,386.3756451612903,39,3,
Dallas,2017,May,5,39.0,22193.75,,569.0705128205128,39,3,
Dallas,2017,June,6,78.0,22661.6,,290.5333333333333,39,3,
Dallas,2017,July,7,51.0,24827.22,,486.80823529411765,39,3,
Dallas,2017,August,8,48,25212.63,,525.2631250000001,39,3,
Dallas,2017,September,9,46.0,24015.91,,522.085,39,3,
Dallas,2017,October,10,48.0,15115.61,,314.9085416666667,39,3,
Dallas,2017,November,11,26.0,13850,,532.6923076923077,39,3,
Dallas,2017,December,12,54.0,10910.75,,202.05092592592592,39,4,
Dallas,2018,January,1,32,13491.55,49070.54,421.6109375,39,4,
Dallas,2018,February,2,32,14929.74,38866.87,466.554375,39,4,
Dallas,2018,March,3,52,18777.57,59469.27,361.1071153846154,39,4,
Dallas,2018,April,4,46,17549.46,40438.95,381.51,39,4,
Dallas,2018,May,5,40.0,15608.49,42595.61,390.21225,39,4,
Dallas,2018,June,6,54,13324.4,49309.93,246.74814814814815,39,4,
Dallas,2018,July,7,55,15461.93,64241.38,281.12600000000003,39,4,
Dallas,2018,August,8,45,12526,54283.25,278.35555555555555,39,4,
Dallas,2018,September,9,44,10409.41,36422.65,236.5775,39,4,
Dallas,2018,October,10,33,11025.66,40051.72,334.1109090909091,39,4,
Dallas,2018,November,11,46,11736.19,54058,255.13456521739133,39,4,
Dallas,2018,December,12,43,13765.59,35383.81,320.13,39,4,
Dallas,2019,January,1,56,15054.56,54159.09,268.83142857142855,39,4,
Dallas,2019,February,2,43,14203.59,51925.56,330.3160465116279,39,4,
Dallas,2019,March,3,59,12242.53,55269.41,207.5005084745763,39,4,
Dallas,2019,April,4,43,12225.21,52822.5,284.3072093023256,39,4,
Dallas,2019,May,5,62.0,10039.15,54393.79,161.92177419354837,39,4,
Dallas,2019,June,6,53,8284.97,47449.22,156.32018867924526,39,4,
Dallas,2019,July,7,60,8114.52,71037.79,135.24200000000002,39,4,
Dallas,2019,August,8,42.0,6780.98,58283.46,161.45190476190476,39,4,
Dallas,2019,September,9,39.0,9069.19,58141.88,232.54333333333335,39,4,
Dallas,2019,October,10,35,8109.03,42008.9,231.68657142857143,39,4,
Dallas,2019,November,11,38,8667.14,39639.21,228.08263157894734,39,4,
Dallas,2019,December,12,46.0,10675.01,65678.37,232.0654347826087,39,4,
Dallas,2020,January,1,59.0,11506.25,66045.69,195.02118644067798,39,4,
Dallas,2020,February,2,52.0,6768.77,61516.43,130.16865384615386,39,4,
Dallas,2020,March,3,50.0,5638.94,64458.34,112.77879999999999,39,4,
Dallas,2020,April,4,30.0,4782.4,46842.85,159.41333333333333,39,4,
Dallas,2020,May,5,74.0,9407.53,73387.24,127.12878378378379,39,4,
Dallas,2020,June,6,71.0,11555.06,97797.16,162.74732394366197,39,4,
Dallas,2020,July,7,81,13487.84,88458.35,166.51654320987655,39,4,
Dallas,2020,August,8,79.0,13252.7,110709.89,167.75569620253165,39,4,
Dallas,2020,September,9,61,11763.68,87880.81,192.8472131147541,39,4,
Dallas,2020,October,10,70.0,14039.94,67359.1,200.57057142857144,39,4,
Dallas,2020,November,11,46.0,14444.12,62035.79,314.0026086956522,39,4,
Dallas,2020,December,12,67.0,15215.69,82255.19,227.09985074626866,39,4,
Dallas,2021,January,1,65,12397.83,74152.93,190.73584615384615,39,4,
Dallas,2021,February,2,61.0,11316.93,92514.32,185.52344262295082,39,4,
Dallas,2021,March,3,75.0,15816.17,95919.72,210.88226666666668,39,4,
Dallas,2021,April,4,78,14239.42,99607.63,182.55666666666667,39,4,
Dallas,2021,May,5,63.0,12225.25,63629.08,194.0515873015873,39,4,
Dallas,2021,June,6,66.0,13781.56,86137.38,208.81151515151515,39,4,
Dallas,2021,July,7,84.0,18822.3,71751.68,224.075,39,4,
Dallas,2021,August,8,67.0,21494.34,79644.51,320.8110447761194,39,4,
Dallas,2021,September,9,78.0,20648.42,87501.79,264.7233333333333,39,4,
Dallas,2021,October,10,74.0,12543.26,83572.74,169.50351351351352,39,4,
Dallas,2021,November,11,53.0,20085.26,86059.06,378.96716981132073,39,4,
Dallas,2021,December,12,80.0,17656.43,103333.5,220.705375,39,4,
Dallas,2022,January,1,73.0,18004.09,95223.57,246.6313698630137,39,4,
Dallas,2022,February,2,52.0,11695.26,104704.49,224.90884615384616,39,4,
Dallas,2022,March,3,79.0,21545.74,87680.75,272.7308860759494,39,4,
Dallas,2022,April,4,82.0,18295.15,94986.64,223.11158536585367,39,4,
Dallas,2022,May,5,60.0,16687.76,95325.22,278.1293333333333,39,4,
Dallas,2022,June,6,78.0,19925.8,89494.04,255.45897435897436,39,4,
Dallas,2022,July,7,88.0,16565.8,120946.78,188.24772727272727,39,4,
Dallas,2022,August,8,77.0,20501.77,111482.97,266.25675324675325,39,4,
Dallas,2022,September,9,69.0,27423.41,89400.65,397.44072463768117,39,4,
Dallas,2022,October,10,53.0,16659.62,86923.89,314.3324528301887,39,4,
Dallas,2022,November,11,74.0,13338.68,85437.07,180.25243243243244,39,4,
Dallas,2022,December,12,63.0,16275.09,83342.81,258.33476190476193,39,4,
Dallas,2023,January,1,59.0,17554.32,97590.44,297.5308474576271,39,4,
Dallas,2023,February,2,74.0,16897.22,85204.85,228.34081081081084,39,4,
Dallas,2023,March,3,93.0,16475.01,133881.95,177.1506451612903,39,4,
Dallas,2023,April,4,64.0,15050.76,101822.99,235.168125,39,4,
Dallas,2023,May,5,70.0,19314.66,98192.59,275.9237142857143,39,4,
Dallas,2023,June,6,81.0,16350.47,95395.83,201.85765432098765,39,4,
Dallas,2023,July,7,81.0,11111.61,119232.26,137.18037037037038,39,4,
Dallas,2023,August,8,79.0,20815.11,105719.47,263.48240506329114,39,4,
Dallas,2023,September,9,70.0,21211.83,73959.15,303.0261428571429,39,4,
Dallas,2023,October,10,65.0,18620.97,102998.05,286.47646153846154,39,4,
Dallas,2023,November,11,65.0,16154.35,89347.87,248.52846153846156,39,4,
Dallas,2023,December,12,61,15549.15,77807.08,254.90409836065572,39,4,
Dallas,2024,January,1,64.0,16541.85,99280.31,258.46640625,39,4,
Dallas,2024,February,2,54.0,18310.66,74785.72,339.08629629629627,39,4,
Dallas,2024,March,3,75.0,13857.65,91248.08,184.76866666666666,39,4,
Dallas,2024,April,4,63.0,14133.27,93982.69,224.33761904761906,39,4,
Dallas,2024,May,5,81.0,14918.8,93830.27,184.18271604938272,39,4,
Dallas,2024,June,6,50.0,15753.48,74015.63,315.0696,39,4,
Dallas,2024,July,7,72.0,16001.53,102175.84,222.24347222222224,39,4,
Dallas,2024,August,8,74.0,15124.61,99935.45,204.38662162162163,39,4,
Dallas,2024,September,9,46.0,14600.23,59995.72,317.39630434782606,39,4,
Dallas,2024,October,10,49.0,18513.3,67809.21,377.8224489795918,39,4,
Dallas,2024,November,11,49.0,16168.09,83945.29,329.9610204081633,39,4,
Dallas,2024,December,12,48.0,17061.92,54948.39,355.45666666666665,39,4,
Dallas,2025,January,1,47.0,18783.38,63865.54,399.6463829787234,39,4,
Dallas,2025,February,2,35.0,18951.88,61355.73,541.4822857142857,39,4,
Dallas,2025,March,3,61.0,17917.06,92019.04,293.7222950819672,39,4,
Dallas,2025,April,4,64.0,17600.76,104543.33,275.011875,39,4,
Dallas,2025,May,5,67.0,17924.09,92561.12,267.5237313432836,39,4,
Dallas,2025,June,6,61.0,19105.78,79471.45,313.2095081967213,39,4,
Dallas,2025,July,7,61.0,20986.33,110862.9,344.0381967213115,39,4,
Dallas,2025,August,8,64.0,22936.87,96625.23,358.38859375,39,4,
Dallas,2025,September,9,46.0,17782.22,80335.19,386.57000000000005,39,4,
Dallas,2025,October,10,53.0,21833,77448.58,411.9433962264151,39,4,
Dallas,2025,November,11,55.0,20624.25,78026.38,374.98636363636365,39,4,
Dallas,2025,December,12,58.0,19951.62,3882.7,343.9934482758621,39,4,
Dallas,2026,January,1,54.0,19565.38,80626.76,362.3218518518519,39,4,
Dallas,2026,February,2,46.0,19474.59,74829.68,423.360652173913,39,4,
Dallas,2026,March,3,65.0,19245.56,97041.66,296.0855384615385,39,4,
Dallas,2026,April,4,84.0,19240.47,139334.85,229.0532142857143,39,4,
Dallas,2026,May,5,58.0,19016,87220.42,327.86206896551727,39,4,
Dallas,2026,June,6,62.0,23288.8,84452.11,375.6258064516129,39,4,
Dallas,2026,July,7,79.0,22296.84,112515.64,282.2384810126582,39,4,
Houston,2023,October,10,,19881.77,0.0,0,38,4,
Houston,2023,November,11,16.0,16231.19,15984.85,1014.449375,38,4,
Houston,2023,December,12,26,18320.56,19319.37,704.6369230769232,38,4,
Houston,2024,January,1,21.0,19197.6,53778.58,914.1714285714285,38,4,
Houston,2024,February,2,29.0,16468.11,38433.27,567.8658620689655,38,4,
Houston,2024,March,3,25.0,12004.35,36756.58,480.17400000000004,38,4,
Houston,2024,April,4,27.0,11011.86,39651.42,407.8466666666667,38,4,
Houston,2024,May,5,25.0,11010.91,26599.84,440.4364,38,4,
Houston,2024,June,6,34.0,10940.94,31349.36,321.7923529411765,38,4,
Houston,2024,July,7,22.0,11129.73,17376.43,505.89681818181816,38,4,
Houston,2024,August,8,31.0,10537.47,32336.48,339.91838709677415,38,4,
Houston,2024,September,9,16.0,9928.13,33928.83,620.508125,38,4,
Houston,2024,October,10,23.0,10438.5,37259.43,453.8478260869565,38,4,
Houston,2024,November,11,34.0,9832.61,34610.02,289.1944117647059,38,4,
Houston,2024,December,12,16.0,10407.59,32789.13,650.474375,38,4,
Houston,2025,January,1,15.0,10374.5,26838.13,691.6333333333333,38,4,
Houston,2025,February,2,20.0,10799.81,22400.34,539.9905,38,4,
Houston,2025,March,3,40.0,10602.63,40093.29,265.06575,38,4,
Houston,2025,April,4,27.0,10946.64,32955.58,405.4311111111111,38,4,
Houston,2025,May,5,26.0,10571.37,33234.08,406.5911538461539,38,4,
Houston,2025,June,6,35.0,10218.73,40337.89,291.9637142857143,38,4,
Houston,2025,July,7,27.0,10447.03,40276.49,386.92703703703705,38,4,
Houston,2025,August,8,26.0,10519.49,38378.95,404.59576923076924,38,4,
Houston,2025,September,9,18.0,9100.01,26087.52,505.55611111111114,38,4,
Houston,2025,October,10,25.0,13447.22,40868.65,537.8888,38,4,
Houston,2025,November,11,19.0,13450.07,27907.74,707.8984210526315,38,4,
Houston,2025,December,12,28.0,14093.38,29310.75,503.335,38,4,
Houston,2026,January,1,29.0,14234.97,43970.61,490.8610344827586,38,4,
Houston,2026,February,2,30.0,15475.29,33746.43,515.8430000000001,38,4,
Houston,2026,March,3,23.0,14288.88,32698.3,621.2556521739131,38,4,
Houston,2026,April,4,19.0,14218.73,19999.88,748.3542105263158,38,4,
Houston,2026,May,5,24.0,13872.47,40503.39,578.0195833333333,38,4,
Houston,2026,June,6,26.0,14236.39,31066.11,547.5534615384615,38,4,
Houston,2026,July,7,38.0,13975.98,6804.58,367.788947368421,38,4,
Phoenix,2024,September,9,43.0,12284.47,,285.6853488372093,36,4,
Phoenix,2024,October,10,37.0,15522.11,45132.01,419.5164864864865,36,4,
Phoenix,2024,November,11,46.0,15302.07,40422.4,332.6536956521739,36,4,
Phoenix,2024,December,12,51.0,15860.54,65494.33,310.99098039215687,36,4,
Phoenix,2025,January,1,38.0,16293.95,48471.0,428.78815789473686,36,4,
Phoenix,2025,February,2,38.0,16351.68,44337.43,430.3073684210526,36,4,
Phoenix,2025,March,3,37.0,16468.45,50143.82,445.09324324324325,36,4,
Phoenix,2025,April,4,32.0,17064.36,37981.18,533.26125,36,4,
Phoenix,2025,May,5,41.0,17075.3,44732.09,416.47073170731704,36,4,
Phoenix,2025,June,6,53.0,17273.26,52324.66,325.9105660377358,36,4,
Phoenix,2025,July,7,53.0,17359.73,71702.77,327.5420754716981,36,4,
Phoenix,2025,August,8,34.0,17148.34,56622.63,504.3629411764706,36,4,
Phoenix,2025,September,9,38.0,14991.65,46591.12,394.5171052631579,36,4,
Phoenix,2025,October,10,54.0,17155.55,72022.8,317.69537037037037,36,4,
Phoenix,2025,November,11,42.0,18200.98,51365.93,433.3566666666667,36,4,
Phoenix,2025,December,12,43.0,20219.19,51492.55,470.2137209302325,36,4,
Phoenix,2026,January,1,29.0,17925.59,47827.38,618.1237931034483,36,4,
Phoenix,2026,February,2,38.0,17962.07,55951.41,472.68605263157895,36,4,
Phoenix,2026,March,3,60.0,16698.79,58308.41,278.3131666666667,36,4,
Phoenix,2026,April,4,53.0,16767.86,56631.44,316.3747169811321,36,4,
Phoenix,2026,May,5,49.0,16236.49,58726.0,331.3569387755102,36,4,
Phoenix,2026,June,6,50.0,16461.89,67081.13,329.2378,36,4,
Phoenix,2026,July,7,49.0,16451.9,55969.84,335.75306122448984,36,4,
Provo,2019,August,8,10.0,124.127907,,12.412790699999999,50,9,
Provo,2019,September,9,10.0,213.123913,,21.312391299999998,50,7,
Provo,2019,October,10,8.0,153.3153846,,19.164423075,50,7,
Provo,2019,November,11,15.0,364.13,,24.275333333333332,50,7,
Provo,2019,December,12,8.0,143.0740984,,17.8842623,50,8,year_tag=explicit-string
Provo,2020,January,1,16.0,,,,50,8,year_tag=explicit-string
Provo,2020,March,3,6.0,,,,50,8,year_tag=explicit-string
San Antonio,2021,May,5,25.0,8788.55,16535.7,351.542,40,4,
San Antonio,2021,June,6,27,8138.53,33401.46,301.42703703703705,40,4,
San Antonio,2021,July,7,37.0,16037.11,36003.18,433.43540540540545,40,4,
San Antonio,2021,August,8,36.0,18063.12,39838.15,501.75333333333333,40,4,
San Antonio,2021,September,9,28.0,16694.34,53358.88,596.2264285714285,40,4,
San Antonio,2021,October,10,33.0,11431.33,45930.98,346.40393939393937,40,4,
San Antonio,2021,November,11,21.0,12248.09,35745.77,583.2423809523809,40,4,
San Antonio,2021,December,12,39.0,10944.31,55740.04,280.62333333333333,40,4,
San Antonio,2022,January,1,26.0,11383.2,38349.62,437.81538461538463,40,4,
San Antonio,2022,February,2,32.0,9677.08,42126.47,302.40875,40,4,
San Antonio,2022,March,3,34.0,10867.88,43496.46,319.6435294117647,40,4,
San Antonio,2022,April,4,37.0,8302.32,45912.6,224.38702702702702,40,4,
San Antonio,2022,May,5,17.0,9671.24,43581.44,568.8964705882353,40,4,
San Antonio,2022,June,6,26.0,11780.81,34152.62,453.1080769230769,40,4,
San Antonio,2022,July,7,28.0,12395.3,44807.67,442.6892857142857,40,4,
San Antonio,2022,August,8,41.0,10550.83,63826.92,257.3373170731707,40,4,
San Antonio,2022,September,9,26.0,11396.53,29622.9,438.32807692307694,40,4,
San Antonio,2022,October,10,21.0,8897,33807.68,423.6666666666667,40,4,
San Antonio,2022,November,11,19.0,11389.69,29546.09,599.4573684210527,40,4,
San Antonio,2022,December,12,28.0,9618.23,41532.22,343.50821428571425,40,4,
San Antonio,2023,January,1,19.0,8231.2,26981.3,433.22105263157897,40,4,
San Antonio,2023,February,2,16.0,10329.19,23932.86,645.574375,40,4,
San Antonio,2023,March,3,36.0,10564.86,46439.21,293.46833333333336,40,4,
San Antonio,2023,April,4,25.0,6102.26,29755.89,244.09040000000002,40,4,
San Antonio,2023,May,5,18.0,9697.93,31502.85,538.7738888888889,40,4,
San Antonio,2023,June,6,31.0,9052.51,31699.45,292.0164516129032,40,4,
San Antonio,2023,July,7,29.0,7107.57,42956.16,245.08862068965516,40,4,
San Antonio,2023,August,8,39.0,10393.72,53846.87,266.505641025641,40,4,
San Antonio,2023,September,9,39.0,10721.27,52224.06,274.904358974359,40,4,
San Antonio,2023,October,10,22.0,11130.04,36534.51,505.9109090909091,40,4,
San Antonio,2023,November,11,25.0,10842.06,39082.92,433.6824,40,4,
San Antonio,2023,December,12,30.0,10626.27,42144.94,354.209,40,4,
San Antonio,2024,January,1,24.0,11396.26,41484.32,474.8441666666667,40,4,
San Antonio,2024,February,2,31.0,11311.13,35510.12,364.8751612903226,40,4,
San Antonio,2024,March,3,31.0,11403.27,43703.3,367.84741935483873,40,4,
San Antonio,2024,April,4,22.0,10538.7,35895.12,479.0318181818182,40,4,
San Antonio,2024,May,5,23.0,9804.67,36534.51,426.29,40,4,
San Antonio,2024,June,6,29.0,9993.15,38951.57,344.5913793103448,40,4,
San Antonio,2024,July,7,22.0,10221.32,26556.28,464.6054545454545,40,4,
San Antonio,2024,August,8,39.0,10269.48,49400.14,263.32,40,4,
San Antonio,2024,September,9,20.0,9367.42,29630.28,468.371,40,4,
San Antonio,2024,October,10,14.0,9189.2,22037.01,656.3714285714286,40,4,
San Antonio,2024,November,11,14.0,10055.06,14783.7,718.2185714285714,40,4,
San Antonio,2024,December,12,19.0,11744.7,30208.21,618.142105263158,40,4,
San Antonio,2025,January,1,25.0,11789.31,35184.42,471.57239999999996,40,4,
San Antonio,2025,February,2,18.0,12240.6,18582.28,680.0333333333333,40,4,
San Antonio,2025,March,3,41.0,11876.85,41338.83,289.67926829268293,40,4,
San Antonio,2025,April,4,15.0,12110.87,32255.38,807.3913333333334,40,4,
San Antonio,2025,May,5,16.0,11732.52,24324.0,733.2825,40,4,
San Antonio,2025,June,6,18.0,11191.1,28469.84,621.7277777777778,40,4,
San Antonio,2025,July,7,23.0,11780.84,31125.14,512.2104347826087,40,4,
San Antonio,2025,August,8,32.0,11905.28,37687.78,372.04,40,4,
San Antonio,2025,September,9,14.0,6909.18,37687.78,493.5128571428572,40,4,
San Antonio,2025,October,10,21.0,8792.23,38873.7,418.67761904761903,40,4,
San Antonio,2025,November,11,18.0,10110.28,17867.1,561.6822222222222,40,4,
San Antonio,2025,December,12,21.0,11181.2,40315.43,532.4380952380952,40,4,
San Antonio,2026,January,1,25.0,11667.21,34682.15,466.68839999999994,40,4,
San Antonio,2026,February,2,20.0,12727.18,34760.0,636.359,40,4,
San Antonio,2026,March,3,29.0,11620.9,32431.95,400.7206896551724,40,4,
San Antonio,2026,April,4,26.0,11625.19,37188.09,447.1226923076923,40,4,
San Antonio,2026,May,5,19.0,10054.92,20689.15,529.2063157894737,40,4,
San Antonio,2026,June,6,21.0,14186.06,35074.53,675.5266666666666,40,4,
San Antonio,2026,July,7,40.0,17086.11,56607.79,427.15275,40,4,
Tucson,2024,September,9,9.0,4509.3,0.0,501.03333333333336,36,4,
Tucson,2024,October,10,9.0,5239.39,11083.25,582.1544444444445,36,4,
Tucson,2024,November,11,4.0,4355.46,3486.47,1088.865,36,4,
Tucson,2024,December,12,9.0,4966.01,13658.68,551.7788888888889,36,4,
Tucson,2025,January,1,10.0,5279.67,3591.77,527.967,36,4,
Tucson,2025,February,2,4.0,7236.88,6554.15,1809.22,36,4,
Tucson,2025,March,3,5.0,5069.64,5099.68,1013.9280000000001,36,4,
Tucson,2025,April,4,4.0,4921.02,3379.93,1230.255,36,4,
Tucson,2025,May,5,11.0,5952.92,7962.41,541.1745454545454,36,4,
Tucson,2025,June,6,8.0,5894.86,5335.69,736.8575,36,4,
Tucson,2025,July,7,8.0,5986.78,7657.85,748.3475,36,4,
Tucson,2025,August,8,4.0,5357.84,5359.92,1339.46,36,4,
Tucson,2025,September,9,5.0,2846.54,7977.88,569.308,36,4,
Tucson,2025,October,10,3.0,1772.51,5655.09,590.8366666666667,36,4,
Tucson,2025,November,11,8.0,5456.48,7151.15,682.06,36,4,
Tucson,2025,December,12,5.0,5908.23,6539.22,1181.646,36,4,
Tucson,2026,January,1,8.0,5940.48,4581.65,742.56,36,4,
Tucson,2026,February,2,3.0,6499.06,10363.78,2166.3533333333335,36,4,
Tucson,2026,March,3,5.0,6062.58,1689.03,1212.516,36,4,
Tucson,2026,April,4,16.0,5940.04,20858.77,371.2525,36,4,
Tucson,2026,May,5,6.0,5806.0,8679.0,967.6666666666666,36,4,
Tucson,2026,June,6,13.0,6025.27,11106.0,463.4823076923077,36,4,
Tucson,2026,July,7,4.0,5890.6,5331.92,1472.65,36,4,
Utah,2015,July,7,4.0,,,,54,1,year_tag=year-marker
Utah,2015,August,8,16.0,,,,54,1,year_tag=year-marker
Utah,2015,September,9,12.0,,,,54,1,year_tag=year-marker
Utah,2015,October,10,11.0,,,,54,1,year_tag=year-marker
Utah,2015,November,11,16.0,,,,54,1,year_tag=year-marker
Utah,2015,December,12,17.0,,,,54,1,year_tag=year-marker
Utah,2016,January,1,27.0,3813.4,,141.23703703703703,54,3,year_tag=year-marker
Utah,2016,February,2,24.0,4865.79,,202.74125,54,3,year_tag=year-marker
Utah,2016,March,3,49.0,5471.47,,111.66265306122449,54,3,year_tag=year-marker
Utah,2016,April,4,42.0,4360.1,,103.81190476190477,54,3,year_tag=year-marker
Utah,2016,May,5,57.0,6881.86,,120.73438596491228,54,3,year_tag=year-marker
Utah,2016,June,6,57.0,8844.55,,155.1675438596491,54,3,year_tag=year-marker
Utah,2016,July,7,58.0,9623.23,,165.91775862068965,54,3,year_tag=year-marker
Utah,2016,August,8,64.0,10364.64,,161.9475,54,3,year_tag=year-marker
Utah,2016,September,9,50.0,8693.76,,173.8752,54,3,year_tag=year-marker
Utah,2016,October,10,42.0,7670.35,,182.62738095238097,54,3,year_tag=year-marker
Utah,2016,November,11,47.0,9229.43,,196.3708510638298,54,3,year_tag=year-marker
Utah,2016,December,12,76.0,9220.27,,121.31934210526316,54,6,year_tag=year-marker
Utah,2017,January,1,39.0,8098.16,,207.6451282051282,54,3,
Utah,2017,February,2,44.0,9184.96,,208.74909090909088,54,3,
Utah,2017,March,3,71.0,9445.83,,133.0398591549296,54,3,
Utah,2017,April,4,51.0,9656.37,,189.34058823529412,54,3,
Utah,2017,May,5,42.0,7527.84,,179.2342857142857,54,3,
Utah,2017,June,6,78.0,8288.32,,106.26051282051282,54,3,
Utah,2017,July,7,50.0,8931.12,,178.62240000000003,54,3,
Utah,2017,August,8,59.0,9685.44,,164.16,54,3,
Utah,2018,February,2,37,10763.7,41746.9,290.91081081081086,54,4,
Utah,2018,March,3,59,9213.0,57332.49,156.15254237288136,54,4,
Utah,2018,April,4,55,6808.89,43997.31,123.798,54,4,
Utah,2018,May,5,35,6882.14,41576.39,196.63257142857142,54,4,
Utah,2018,June,6,60,8604.69,43284.01,143.41150000000002,54,4,
Utah,2018,July,7,65,11068.04,59648.01,170.27753846153848,54,4,
Utah,2018,August,8,66,8967.7,59488.05,135.87424242424242,54,4,
Utah,2018,September,9,41,7905.09,35975.91,192.8070731707317,54,4,
Utah,2018,October,10,41,10133.47,40783.4,247.15780487804875,54,4,
Utah,2018,November,11,63,9020.39,59229.46,143.18079365079365,54,4,
Utah,2018,December,12,58,8356.07,47819.28,144.0701724137931,54,4,
Utah,2019,January,1,62,9491.89,56207.37,153.095,54,4,
Utah,2019,February,2,48,9406.83,39099.35,195.975625,54,4,
Utah,2019,March,3,85,8340.61,58225.41,98.12482352941177,54,4,
Utah,2019,April,4,80,7627.25,75079.34,95.340625,54,4,
Utah,2019,May,5,59.0,7007.25,47552.23,118.76694915254237,54,4,
Utah,2019,June,6,78,7264.31,56281.79,93.1321794871795,54,4,
Utah,2019,July,7,71,5517.81,69002.94,77.71563380281691,54,4,
Utah,2019,August,8,86.0,5051.29,74853.29,58.73593023255814,54,4,
Utah,2019,September,9,46,5850.9,67097.78,127.19347826086955,54,4,
Utah,2019,October,10,52,5290.5,44128.49,101.74038461538461,54,5,
Utah,2019,November,11,59.0,6730.69,51986.51,114.07949152542372,54,4,
Utah,2019,December,12,61.0,8225.55,43528.63,134.8450819672131,54,4,
Utah,2020,January,1,83.0,6764.24,67341.93,81.49686746987952,54,4,
Utah,2020,February,2,51.0,6331.48,39849.09,124.14666666666666,54,4,
Utah,2020,March,3,64,6097.82,58259.93,95.2784375,54,4,
Utah,2020,April,4,45.0,5759.76,53640.51,127.99466666666667,54,4,
Utah,2020,May,5,90.0,8339.54,82048.35,92.66155555555557,54,4,
Utah,2020,June,6,70.0,8309.62,62021.51,118.70885714285716,54,4,
Utah,2020,July,7,96,8017.92,72303.47,83.52,54,4,
Utah,2020,August,8,59.0,6573.97,48700.51,111.42322033898306,54,4,
Utah,2020,September,9,70,5667.75,68987.19,80.96785714285714,54,4,
Utah,2020,October,10,91,7178.26,80016.43,78.88197802197803,54,4,
Utah,2020,November,11,64.0,6048.61,65968.69,94.50953125,54,4,
Utah,2020,December,12,92.0,7031.52,79929.99,76.42956521739131,54,4,
Utah,2021,January,1,88,7828.42,89647.55,88.95931818181818,54,4,year_tag=explicit-string
Utah,2021,February,2,85.0,8999.7,73035.43,105.87882352941178,54,4,
Utah,2021,March,3,74.0,11155.83,87493.08,150.75445945945947,54,4,
Utah,2021,April,4,143,10282.78,125446.05,71.90755244755245,54,4,
Utah,2021,May,5,72.0,9501.62,84300.06,131.96694444444447,54,4,
Utah,2021,June,6,113.0,10679.96,100399.19,94.5129203539823,54,4,
Utah,2021,July,7,119.0,11097.62,104552.4,93.25731092436976,54,4,
Utah,2021,August,8,110.0,10423.1,82699.69,94.75545454545455,54,4,
Utah,2021,September,9,71.0,11548.87,83285.34,162.66014084507043,54,4,
Utah,2021,October,10,70.0,9717.62,59677.1,138.82314285714287,54,4,
Utah,2021,November,11,70.0,10349.58,84215.42,147.85114285714286,54,4,
Utah,2021,December,12,136.0,10854.2,116370.98,79.81029411764706,54,4,
Utah,2022,January,1,72.0,10794.54,70901.86,149.92416666666668,54,4,
Utah,2022,February,2,81.0,10447.97,90023.53,128.98728395061727,54,4,
Utah,2022,March,3,120.0,13635.63,94784.4,113.63024999999999,54,4,
Utah,2022,April,4,106.0,11878.15,100924.41,112.05801886792453,54,4,
Utah,2022,May,5,79.0,11435.17,81008.23,144.74898734177216,54,4,
Utah,2022,June,6,96.0,15033.38,87577.28,156.59770833333332,54,4,
Utah,2022,July,7,98.0,12138.1,94562.27,123.85816326530613,54,4,
Utah,2022,August,8,105.0,14599.36,91636.68,139.04152380952382,54,4,
Utah,2022,September,9,78.0,11702.52,73878.17,150.0323076923077,54,4,
Utah,2022,October,10,59.0,16200.57,73756.93,274.5859322033898,54,4,
Utah,2022,November,11,58.0,12837.61,53359.17,221.33810344827586,54,4,
Utah,2022,December,12,97.0,14327.91,80188.44,147.71041237113403,54,4,
Utah,2023,January,1,63.0,13390.53,84674.67,212.54809523809524,54,4,
Utah,2023,February,2,69.0,11661.22,63847.52,169.0031884057971,54,4,
Utah,2023,March,3,105.0,16604.17,83649.69,158.13495238095237,54,4,
Utah,2023,April,4,88.0,15018.72,121585.7,170.66727272727272,54,4,
Utah,2023,May,5,56.0,16629,88544.61,296.94642857142856,54,4,
Utah,2023,June,6,114.0,19002.3,98790.7,166.68684210526314,54,4,
Utah,2023,July,7,111.0,11757.68,104413.39,105.92504504504505,54,4,
Utah,2023,August,8,103.0,22319.3,122931.72,216.69223300970873,54,4,
Utah,2023,September,9,78.0,19164.87,88232.68,245.70346153846154,54,4,
Utah,2023,October,10,66.0,16541.6,80493.01,250.630303030303,54,4,
Utah,2023,November,11,80.0,14589.77,106423.03,182.372125,54,4,
Utah,2023,December,12,100.0,14474.4,93126.48,144.744,54,4,
Utah,2024,January,1,77.0,15074.42,75271.03,195.7716883116883,54,4,
Utah,2024,February,2,93.0,15377.3,100572.94,165.347311827957,54,4,
Utah,2024,March,3,97.0,13017.29,99611.41,134.19886597938145,54,4,
Utah,2024,April,4,108.0,12669.12,96326.42,117.30666666666667,54,4,
Utah,2024,May,5,119.0,13077.25,122876.9,109.89285714285714,54,4,
Utah,2024,June,6,99.0,14659.37,110511.52,148.07444444444445,54,4,
Utah,2024,July,7,98.0,16234.13,105107.37,165.65438775510202,54,4,
Utah,2024,August,8,100.0,15316.19,119004.04,153.1619,54,4,
Utah,2024,September,9,52.0,14613.82,88178.51,281.03499999999997,54,4,
Utah,2024,October,10,84.0,15048.67,83138.7,179.15083333333334,54,4,
Utah,2024,November,11,80.0,13995.11,83009.3,174.938875,54,4,
Utah,2024,December,12,86.0,15218.75,83840.75,176.9622093023256,54,4,
Utah,2025,January,1,96.0,20207.78,115158.94,210.49770833333332,54,4,
Utah,2025,February,2,81.0,18748.15,83672.17,231.45864197530867,54,4,
Utah,2025,March,3,63.0,17994.73,75627.55,285.6306349206349,54,4,
Utah,2025,April,4,93.0,18569.96,82486.26,199.6769892473118,54,4,
Utah,2025,May,5,81.0,18652.67,72631.1,230.27987654320987,54,4,
Utah,2025,June,6,106.0,20144.53,101977.89,190.04273584905658,54,4,
Utah,2025,July,7,112.0,21226.02,127652.45,189.51803571428573,54,4,
Utah,2025,August,8,91.0,20927.01,131693.48,229.96714285714285,54,4,
Utah,2025,September,9,61.0,15673.38,76654.85,256.9406557377049,54,4,
Utah,2025,October,10,84.0,15895.75,84076.75,189.23511904761904,54,4,
Utah,2025,November,11,67.0,15499.18,67602.92,231.3310447761194,54,4,
Utah,2025,December,12,112,17205.07,118849.98,153.61669642857143,54,4,
Utah,2026,January,1,85.0,16242.75,98893.26,191.09117647058824,54,4,
Utah,2026,February,2,81.0,18671.63,92235.39,230.51395061728397,54,4,
Utah,2026,March,3,98.0,17640.49,126462.63,180.00500000000002,54,4,
Utah,2026,April,4,115.0,17642.06,164903.94,153.40921739130437,54,4,
Utah,2026,May,5,84.0,17263.49,77211.43,205.51773809523812,54,4,
Utah,2026,June,6,117.0,21042.34,130763.35,179.84905982905983,54,4,
Utah,2026,July,7,110.0,22448.32,133884.8,204.07563636363636,54,4,
